ticker,status,firstDate,lastDate,bars,lagDays,missingRecentCount,ohlcLast5Complete,missingRecentDates
TCOAT,stale,19940614,20260717,3803,14,158,False,20260521 20260522 20260526 20260527 20260528 20260529 20260602 20260604 20260605 20260608 20260610 20260611 20260612 20260615 20260616 20260617 20260619 20260622 20260623 20260626 20260629 20260630 20260701 20260702 20260703 20260706 20260707 20260710 20260713 20260715
CHOTI,stale,19920227,20260723,5656,8,145,False,20260519 20260521 20260525 20260527 20260528 20260602 20260604 20260605 20260608 20260609 20260610 20260611 20260612 20260615 20260616 20260617 20260618 20260619 20260622 20260623 20260624 20260625 20260626 20260629 20260707 20260710 20260715 20260716 20260717 20260720
TTI,stale,19900102,20260722,4348,9,135,False,20260527 20260528 20260602 20260604 20260605 20260608 20260609 20260612 20260615 20260617 20260618 20260619 20260623 20260624 20260626 20260629 20260630 20260701 20260702 20260703 20260706 20260707 20260708 20260710 20260713 20260714 20260715 20260716 20260717 20260720
TSTE,stale,19900713,20260706,4793,25,118,False,20260427 20260428 20260506 20260507 20260512 20260513 20260514 20260515 20260518 20260519 20260520 20260522 20260525 20260526 20260527 20260602 20260604 20260610 20260616 20260617 20260618 20260619 20260622 20260623 20260624 20260625 20260629 20260701 20260702 20260703
JKN,stale,20171130,20251226,1575,217,94,False,20251104 20251105 20251106 20251107 20251110 20251111 20251112 20251113 20251114 20251117 20251118 20251119 20251120 20251121 20251124 20251125 20251126 20251127 20251128 20251201 20251202 20251203 20251204 20251208 20251209 20251211 20251212 20251215 20251216 20251217
PICO,stale,20051213,20260331,4226,122,65,False,20251117 20251120 20251121 20251124 20251125 20251126 20251127 20251128 20251201 20251202 20251204 20251208 20251212 20251219 20251222 20251225 20260109 20260112 20260113 20260115 20260119 20260127 20260209 20260226 20260304 20260306 20260310 20260311 20260317 20260320
MILL,stale,20071106,20260703,4390,28,62,False,20260417 20260420 20260421 20260422 20260423 20260424 20260427 20260428 20260429 20260430 20260505 20260506 20260507 20260508 20260511 20260512 20260513 20260514 20260515 20260518 20260519 20260520 20260521 20260522 20260525 20260526 20260527 20260528 20260529 20260602
ECF,stale,20130326,20260703,3165,28,61,False,20260417 20260420 20260421 20260422 20260423 20260424 20260427 20260428 20260429 20260430 20260505 20260506 20260507 20260508 20260511 20260512 20260513 20260514 20260515 20260518 20260519 20260520 20260521 20260522 20260525 20260526 20260527 20260528 20260529 20260602
CHO,stale,20130513,20260703,3135,28,60,False,20260417 20260420 20260421 20260422 20260423 20260424 20260427 20260428 20260429 20260430 20260505 20260506 20260507 20260508 20260511 20260512 20260513 20260514 20260515 20260518 20260519 20260520 20260521 20260522 20260525 20260526 20260527 20260528 20260529 20260602
SAM,stale,20051213,20260703,4704,28,60,False,20260417 20260420 20260421 20260422 20260423 20260424 20260427 20260428 20260429 20260430 20260505 20260506 20260507 20260508 20260511 20260512 20260513 20260514 20260515 20260518 20260519 20260520 20260521 20260522 20260525 20260526 20260527 20260528 20260529 20260602
MVP,stale,20180807,20260703,1805,28,59,False,20260417 20260420 20260421 20260422 20260423 20260424 20260427 20260428 20260429 20260430 20260505 20260506 20260507 20260508 20260511 20260512 20260513 20260514 20260515 20260518 20260519 20260520 20260521 20260522 20260525 20260526 20260527 20260528 20260529 20260602
HPT,stale,20150629,20260703,2614,28,58,False,20260417 20260420 20260421 20260422 20260423 20260424 20260427 20260428 20260429 20260430 20260505 20260506 20260507 20260508 20260511 20260512 20260513 20260514 20260515 20260518 20260519 20260520 20260521 20260522 20260525 20260526 20260527 20260528 20260529 20260602
META,stale,20180522,20260703,1911,28,58,False,20260417 20260420 20260421 20260422 20260423 20260424 20260427 20260428 20260429 20260430 20260505 20260506 20260507 20260508 20260511 20260512 20260513 20260514 20260515 20260518 20260519 20260520 20260521 20260522 20260525 20260526 20260527 20260528 20260529 20260602
TSR,stale,20140619,20260520,2492,72,32,False,20260304 20260305 20260306 20260309 20260310 20260311 20260312 20260313 20260316 20260317 20260318 20260319 20260320 20260323 20260324 20260325 20260326 20260327 20260330 20260331 20260401 20260402 20260403 20260407 20260408 20260409 20260410 20260416 20260417 20260420
TTCL,stale,20090616,20260520,4088,72,31,False,20260304 20260305 20260306 20260309 20260310 20260311 20260312 20260313 20260316 20260317 20260318 20260319 20260320 20260323 20260324 20260325 20260326 20260327 20260330 20260331 20260401 20260402 20260403 20260407 20260408 20260409 20260410 20260416 20260417 20260420
TR,stale,19900418,20250902,6682,332,7,False,20250731 20250801 20250806 20250808 20250814 20250818 20250820
ENGY,stale,20080807,20250821,3839,344,1,False,20250801
ABC,stale,19900102,20170718,1781,3300,0,False,
ABICO,stale,19900427,20230103,3641,1305,0,False,
ABPIF,stale,20130927,20221206,2231,1333,0,False,
ACAP,stale,20051214,20230517,3427,1171,0,False,
ADAM,stale,20031117,20140925,2621,4327,0,False,
AEC,stale,20010808,20210806,4209,1820,0,False,
APX,stale,19901120,20170821,1852,3266,0,False,
AQ,stale,19990407,20230510,5002,1178,0,False,
ASCON,stale,20051221,20101115,1109,5737,0,False,
BANPU,stale,19890616,20260716,9009,15,0,False,
BCHAY,stale,20111101,20161117,1116,3543,0,False,
BECL,stale,19950831,20151218,4970,3878,0,False,
BFIT,stale,19841128,20220914,8727,1416,0,False,
BIGC,stale,19920103,20170927,5990,3229,0,False,
BKI,stale,19880127,20240617,7872,774,0,False,
BKKCP,stale,20031119,20241125,3827,613,0,False,
BLISS,stale,20041213,20190731,1571,2557,0,False,
BLS,stale,20051213,20120405,1541,5230,0,False,
BMCL,stale,20060921,20151218,2259,3878,0,False,
BPP,stale,20161028,20260716,2360,15,0,False,
BRC,stale,19900102,20040511,3364,8116,0,False,
BROOK,stale,20010917,20240605,5460,786,0,False,
CAWOW,stale,20051213,20110506,1007,5565,0,False,
CGS,stale,19910704,20150107,5741,4223,0,False,
CHUO,stale,20020131,20190731,2831,2557,0,False,
CIMBT,stale,19840223,20250604,7072,422,0,False,
CNS,stale,19880426,20200319,7796,2325,0,False,
COL,stale,20100728,20210219,2572,1988,0,False,
COTTO,stale,20180803,20231219,1305,955,0,False,
CPNRF,stale,20051213,20171124,2868,3171,0,False,
CPTGF,stale,20131216,20241107,2618,631,0,False,
CRYSTAL,stale,20130627,20191128,1477,2437,0,False,
CSL,stale,20040408,20180725,3491,2928,0,False,
DCORP,stale,20130911,20200903,1700,2157,0,False,
DNA,stale,20121221,20190214,1501,2724,0,False,
DRACO,stale,19941116,20170620,4675,3328,0,False,
DSGT,stale,20060809,20170626,2627,3322,0,False,
DTAC,stale,20070622,20230217,3818,1260,0,False,
DTC,stale,19880104,20210623,6070,1864,0,False,
DTCPF,stale,20110113,20171129,1627,3166,0,False,
DTM,stale,19880105,20050301,3084,7822,0,False,
EARTH,stale,19990419,20190919,2302,2507,0,False,
EBANK,stale,20121120,20240301,2259,882,0,False,
ECL,stale,20040322,20250303,5067,515,0,False,
ECOMM,stale,20130611,20201102,1068,2097,0,False,
EE,stale,19920110,20250604,5777,422,0,False,
EIC,stale,20031222,20200601,3345,2251,0,False,
ENY,stale,20130319,20240809,1981,721,0,False,
EPCO,stale,19930426,20200427,4785,2286,0,False,
ERWPF,stale,20130404,20240523,2541,799,0,False,
ESSO,stale,20080506,20231117,3787,987,0,False,
FC,stale,20050504,20190805,3461,2552,0,False,
FER,stale,20020403,20180503,3901,3011,0,False,
FOCUS,stale,20041005,20190515,2962,2634,0,False,
FSS,stale,20051213,20230822,4153,1074,0,False,
GFM,stale,20051213,20141119,1655,4272,0,False,
GIFT,stale,20110603,20241223,3306,585,0,False,
GL,stale,20051213,20250423,3024,464,0,False,
GLAND,stale,19960208,20250604,5765,422,0,False,
GLOCON,stale,20191008,20250804,1410,361,0,False,
GLOW,stale,20050421,20191212,3578,2423,0,False,
GOLD,stale,19940329,20200810,6298,2181,0,False,
GOLDPF,stale,20070522,20211019,2788,1746,0,False,
GSC,stale,20190313,20241101,1367,637,0,False,
GSTEL,stale,20060125,20190703,2850,2585,0,False,
HEMRAJ,stale,19920710,20160301,5457,3804,0,False,
HOTPOT,stale,20120918,20180515,1376,2999,0,False,
HREIT,stale,20161128,20220607,1341,1515,0,False,
ICBCT,stale,19840119,20110317,5926,5615,0,False,
IEC,stale,19920205,20190709,5875,2579,0,False,
IFEC,stale,19880506,20240725,4714,736,0,False,
INTUCH,stale,19900831,20250320,8438,498,0,False,
ITV,stale,20020313,20070227,1216,7094,0,False,
JASIF,stale,20150216,20240223,2196,889,0,False,
JCKH,stale,20180516,20251128,1808,245,0,False,
JUTHA,stale,19900102,20220517,7360,1536,0,False,
JWD,stale,20150929,20230216,1798,1261,0,False,
KEX,stale,20201224,20251014,1164,290,0,False,
KKC,stale,19910301,20240726,5794,735,0,False,
KPNPF,stale,20130503,20241217,2137,591,0,False,
KWG,stale,19930201,20211223,6373,1681,0,False,
LHBANK,stale,20110510,20180423,1702,3021,0,False,
LHPF,stale,20120402,20241121,3004,617,0,False,
LHS,stale,20020917,20120924,2380,5058,0,False,
LRH,stale,19931125,20250604,6735,422,0,False,
LTX,stale,19900102,20190621,5895,2597,0,False,
LVT,stale,20040714,20190709,2207,2579,0,False,
MACO,stale,20030929,20231227,4667,947,0,False,
MAKRO,stale,19940811,20230620,7000,1137,0,False,
MAX,stale,19960208,20231226,4147,948,0,False,
MBKET,stale,20031203,20211202,4391,1702,0,False,
MGR,stale,19900110,19980714,1862,10244,0,False,
MIT,stale,20151223,20250520,1584,437,0,False,
MPG,stale,20041105,20210512,2735,1906,0,False,
MPIC,stale,20020605,20230925,4834,1040,0,False,
NBC,stale,20091111,20221223,3087,1316,0,False,
NEWS,stale,20051214,20260119,4628,193,0,False,
NFC,stale,19960826,20250604,3226,422,0,False,
NINE,stale,20101117,20230502,2975,1186,0,False,
NMG,stale,19880609,20220518,7157,1535,0,False,
NOK,stale,20130620,20250108,1891,569,0,False,
NPP,stale,19940616,20180726,3577,2927,0,False,
NSI,stale,19950328,20230407,3681,1211,0,False,
NUSA,stale,20110912,20241230,3234,578,0,False,
NWR,stale,19950927,20250519,7086,438,0,False,
OCEAN,stale,20131223,20220110,1958,1663,0,False,
OISHI,stale,20040825,20230905,4435,1060,0,False,
OSK,stale,20061122,20131021,1433,4666,0,False,
OTO,stale,20140515,20240304,2384,879,0,False,
PA,stale,19890929,20101012,4645,5771,0,False,
PACE,stale,20130807,20240701,1629,760,0,False,
PAE,stale,19990407,20220809,2334,1452,0,False,
PDI,stale,19880104,20211008,8243,1757,0,False,
PE,stale,19910712,20220622,4746,1500,0,False,
PFFUND,stale,20080320,20130228,817,4901,0,False,
PHATRA,stale,19950103,20120924,2851,5058,0,False,
PICNI,stale,19930216,20080111,2189,6776,0,False,
POLAR,stale,19900816,20250127,3653,550,0,False,
POMPUI,stale,19950608,20240220,1702,892,0,False,
POST,stale,19880104,20240725,4249,736,0,False,
PPC,stale,19900615,20131114,2662,4642,0,False,
PPF,stale,20140708,20240528,1982,794,0,False,
PR,stale,19871229,20171004,5811,3222,0,False,
PRANDA,stale,19900710,20180118,6163,3116,0,False,
PRO,stale,20051213,20250108,1589,569,0,False,
PS,stale,20051213,20161130,2676,3530,0,False,
PSTC,stale,20141219,20260723,2816,8,0,False,
PTTCH,stale,20051213,20111010,1421,5408,0,False,
PYT,stale,19931129,20010608,1761,9184,0,False,
QHHR,stale,20120731,20240517,2826,805,0,False,
QHPF,stale,20061212,20241127,4373,611,0,False,
RCI,stale,19890928,20210715,7101,1842,0,False,
RICH,stale,20060831,20200818,2588,2173,0,False,
ROBINS,stale,19920103,20200219,6195,2354,0,False,
ROH,stale,19890721,20250604,4670,422,0,False,
SABUY,stale,20201111,20250522,1096,435,0,False,
SAFARI,stale,19950216,20250523,2863,434,0,False,
SBPF,stale,20100818,20211102,1808,1732,0,False,
SCAN,stale,19960819,20101115,2951,5737,0,False,
SCIB,stale,19880816,20101209,4040,5713,0,False,
SF,stale,20021217,20220531,4660,1522,0,False,
SFP,stale,19850719,20230718,5094,1109,0,False,
SHREIT,stale,20171227,20230811,1211,1085,0,False,
SICCO,stale,19881209,20111006,5481,5412,0,False,
SIM,stale,20031209,20171011,3382,3215,0,False,
SINGHA,stale,20031219,20110301,1648,5631,0,False,
SMC,stale,19990407,20101115,2527,5737,0,False,
SMG,stale,19880106,20160601,4398,3712,0,False,
SMK,stale,19910607,20241106,5592,632,0,False,
SMM,stale,20050322,20190719,3487,2569,0,False,
SPF,stale,20061124,20210727,3577,1830,0,False,
SPORT,stale,19960313,20200227,5316,2346,0,False,
SPPT,stale,20051213,20190516,3160,2633,0,False,
SPSU,stale,19960312,20110204,3176,5656,0,False,
SSC,stale,19840103,20241219,8224,589,0,False,
SSI,stale,19940908,20200710,5274,2212,0,False,
STAR,stale,20051213,20211025,3765,1740,0,False,
STEC,stale,19920831,20241028,7563,641,0,False,
STHAI,stale,20020801,20250108,2340,569,0,False,
SVH,stale,19900615,20221207,6206,1332,0,False,
SVI,stale,19890918,20260521,7631,71,0,False,
TAPAC,stale,20051213,20240502,4234,820,0,False,
TCB,stale,19900824,20180803,5394,2919,0,False,
TCCC,stale,19911008,20230824,6602,1072,0,False,
TCP,stale,19960405,20140226,2907,4538,0,False,
TF,stale,19840111,20171004,4876,3222,0,False,
TFD,stale,19910515,20180504,6101,3010,0,False,
TFUND,stale,20050512,20171214,3045,3151,0,False,
TGCI,stale,19840110,20180719,7198,2934,0,False,
THL,stale,19880107,20231019,3980,1016,0,False,
TIC,stale,19880125,20190730,3162,2558,0,False,
TICON,stale,20020613,20190130,4060,2739,0,False,
TIP,stale,19960724,20210906,5711,1789,0,False,
TIW,stale,19930125,20210201,4382,2006,0,False,
TLGF,stale,20120319,20210326,2203,1953,0,False,
TLOGIS,stale,20091216,20171214,1835,3151,0,False,
TLUXE,stale,19940913,20180926,5040,2865,0,False,
TMB,stale,19840103,20210511,9010,1907,0,False,
TPC,stale,19840508,20170127,6834,3472,0,False,
TPCORP,stale,19900102,20210505,3848,1913,0,False,
TRS,stale,19930112,20091006,1765,6142,0,False,
TSF,stale,20051213,20230620,3102,1137,0,False,
TTL,stale,19900103,20190617,2672,2601,0,False,
TTTM,stale,19900102,20190621,3004,2597,0,False,
TUCC,stale,20051213,20130301,1714,4900,0,False,
TVD,stale,20120823,20220721,2415,1471,0,False,
TVI,stale,19921204,20230713,5576,1114,0,False,
TWFP,stale,19891206,20150922,4711,3965,0,False,
UFM,stale,19840104,20101118,2762,5734,0,False,
UOBAPF,stale,20051214,20131017,1253,4670,0,False,
UOBKH,stale,20051122,20250604,4283,422,0,False,
UPA,stale,20100527,20230228,3087,1249,0,False,
URBNPF,stale,20071018,20240731,2362,730,0,False,
UST,stale,19900102,20120430,2893,5205,0,False,
UT,stale,19900102,20211215,4165,1689,0,False,
UWC,stale,20120712,20210708,2182,1849,0,False,
VGM,stale,19920311,20061108,1758,7205,0,False,
VI,stale,19960705,20210817,2148,1809,0,False,
VNT,stale,19950223,20220311,6606,1603,0,False,
VTE,stale,20110309,20180521,1751,2993,0,False,
WG,stale,19840118,20201119,6727,2080,0,False,
WHAPF,stale,20110530,20171122,1376,3173,0,False,
WORLD,stale,19940830,20240902,1803,697,0,False,
YCI,stale,19901119,20210817,2379,1809,0,False,
YNP,stale,20050113,20190709,1451,2579,0,False,
ZMICO,stale,19950317,20210506,6317,1912,0,False,
NEW,gaps,19960823,20260724,1999,7,215,False,20260520 20260525 20260527 20260528 20260529 20260604 20260605 20260608 20260609 20260610 20260611 20260616 20260618 20260619 20260622 20260623 20260626 20260629 20260630 20260701 20260702 20260703 20260706 20260707 20260709 20260710 20260713 20260715 20260717 20260720
TOPP,gaps,19910502,20260724,2976,7,204,False,20260527 20260528 20260529 20260602 20260604 20260605 20260608 20260609 20260610 20260611 20260612 20260615 20260616 20260617 20260618 20260623 20260624 20260625 20260626 20260629 20260630 20260702 20260703 20260708 20260709 20260710 20260713 20260715 20260721 20260722
UMS,gaps,20040716,20260731,4937,0,200,False,20260410 20260416 20260417 20260420 20260421 20260422 20260423 20260424 20260427 20260428 20260429 20260430 20260505 20260506 20260507 20260508 20260511 20260512 20260513 20260514 20260515 20260518 20260519 20260520 20260521 20260522 20260525 20260526 20260527 20260528
TBSP,gaps,19960313,20260727,2733,4,193,False,20260331 20260401 20260402 20260403 20260407 20260408 20260409 20260410 20260416 20260417 20260420 20260421 20260422 20260423 20260424 20260427 20260428 20260429 20260430 20260505 20260506 20260507 20260508 20260511 20260629 20260630 20260713 20260715 20260716 20260720
FE,gaps,19880219,20260731,3133,0,188,False,20260611 20260612 20260615 20260616 20260617 20260618 20260619 20260622 20260623 20260624 20260625 20260626 20260629 20260630 20260701 20260702 20260706 20260708 20260709 20260710 20260714 20260715 20260716 20260717 20260720 20260721 20260722 20260723 20260724 20260727
DTCI,gaps,19920327,20260731,3742,0,177,False,20260529 20260604 20260605 20260609 20260610 20260611 20260612 20260622 20260623 20260624 20260625 20260626 20260629 20260630 20260701 20260702 20260703 20260706 20260707 20260708 20260709 20260710 20260713 20260715 20260716 20260717 20260720 20260721 20260727 20260730
KWC,gaps,19900202,20260727,1877,4,177,False,20260520 20260521 20260522 20260525 20260528 20260529 20260602 20260604 20260605 20260608 20260609 20260610 20260611 20260612 20260615 20260616 20260617 20260618 20260619 20260622 20260623 20260624 20260625 20260626 20260629 20260630 20260701 20260703 20260714 20260715
MANRIN,gaps,19910913,20260731,4598,0,167,False,20260527 20260528 20260529 20260602 20260604 20260605 20260608 20260609 20260610 20260611 20260612 20260615 20260623 20260624 20260626 20260629 20260701 20260708 20260709 20260710 20260714 20260715 20260717 20260720 20260721 20260722 20260723 20260724 20260727 20260730
TNL,gaps,19900102,20260730,4908,1,161,False,20260421 20260422 20260423 20260424 20260427 20260430 20260508 20260511 20260513 20260514 20260518 20260519 20260521 20260522 20260527 20260602 20260604 20260605 20260608 20260609 20260610 20260611 20260612 20260615 20260708 20260709 20260716 20260722 20260724 20260727
KDH,gaps,19891017,20260731,6102,0,160,False,20260525 20260526 20260528 20260529 20260602 20260608 20260611 20260615 20260616 20260617 20260618 20260619 20260622 20260623 20260625 20260701 20260706 20260707 20260708 20260709 20260710 20260713 20260715 20260716 20260717 20260721 20260722 20260723 20260727 20260730
OHTL,gaps,19880621,20260731,5028,0,148,False,20260518 20260519 20260520 20260521 20260522 20260525 20260526 20260527 20260528 20260529 20260602 20260604 20260605 20260608 20260609 20260616 20260617 20260618 20260619 20260623 20260624 20260625 20260626 20260629 20260630 20260701 20260702 20260706 20260720 20260721
OCC,gaps,19870807,20260724,4372,7,140,False,20260520 20260528 20260608 20260609 20260611 20260612 20260615 20260616 20260619 20260622 20260623 20260624 20260625 20260626 20260629 20260701 20260702 20260703 20260706 20260708 20260709 20260710 20260713 20260714 20260715 20260716 20260717 20260721 20260722 20260723
CHARAN,gaps,19930201,20260730,4604,1,132,False,20260514 20260515 20260518 20260528 20260529 20260602 20260604 20260608 20260609 20260610 20260611 20260615 20260616 20260617 20260619 20260622 20260624 20260625 20260629 20260701 20260702 20260703 20260707 20260709 20260716 20260717 20260720 20260722 20260723 20260724
SAWANG,gaps,19910704,20260730,4978,1,126,False,20260526 20260527 20260528 20260529 20260602 20260604 20260605 20260608 20260609 20260610 20260611 20260615 20260617 20260618 20260619 20260622 20260623 20260625 20260630 20260702 20260703 20260706 20260707 20260708 20260709 20260716 20260717 20260720 20260723 20260724
INSURE,gaps,19910301,20260730,1976,1,122,False,20260424 20260427 20260507 20260508 20260511 20260512 20260515 20260518 20260526 20260527 20260528 20260602 20260604 20260605 20260609 20260618 20260619 20260624 20260625 20260626 20260629 20260703 20260706 20260708 20260710 20260717 20260720 20260721 20260722 20260724
NKI,gaps,19900824,20260731,4720,0,110,False,20260410 20260416 20260422 20260424 20260505 20260511 20260605 20260616 20260617 20260618 20260619 20260622 20260623 20260624 20260625 20260629 20260630 20260701 20260706 20260707 20260708 20260709 20260710 20260716 20260717 20260722 20260723 20260724 20260727 20260730
TNPF,gaps,20110308,20260727,2857,4,110,False,20260330 20260401 20260402 20260403 20260408 20260423 20260424 20260515 20260519 20260520 20260521 20260522 20260525 20260526 20260529 20260604 20260605 20260609 20260611 20260612 20260615 20260616 20260617 20260701 20260702 20260703 20260706 20260710 20260713 20260720
MATI,gaps,19891215,20260731,6376,0,108,False,20260512 20260514 20260515 20260518 20260519 20260520 20260521 20260522 20260525 20260528 20260529 20260602 20260612 20260615 20260618 20260619 20260624 20260625 20260629 20260709 20260710 20260713 20260715 20260717 20260720 20260721 20260722 20260723 20260724 20260727
SHANG,gaps,19900913,20260727,6119,4,108,False,20260324 20260401 20260402 20260408 20260409 20260410 20260417 20260420 20260422 20260505 20260511 20260513 20260514 20260515 20260518 20260519 20260521 20260522 20260526 20260529 20260604 20260605 20260608 20260611 20260616 20260618 20260619 20260626 20260701 20260709
ICC,gaps,19840104,20260731,6826,0,103,False,20260330 20260402 20260403 20260408 20260416 20260417 20260420 20260421 20260422 20260506 20260507 20260511 20260512 20260514 20260515 20260518 20260522 20260525 20260527 20260605 20260608 20260610 20260615 20260616 20260617 20260618 20260702 20260709 20260716 20260724
CSR,gaps,19890907,20260730,3250,1,102,False,20260401 20260408 20260410 20260416 20260420 20260421 20260422 20260424 20260428 20260429 20260430 20260505 20260512 20260514 20260518 20260519 20260521 20260522 20260525 20260526 20260527 20260528 20260619 20260629 20260706 20260710 20260720 20260721 20260722 20260724
GYT,gaps,19900102,20260731,4375,0,101,False,20260518 20260527 20260528 20260529 20260602 20260604 20260605 20260608 20260611 20260615 20260618 20260619 20260622 20260623 20260624 20260625 20260626 20260629 20260630 20260701 20260702 20260707 20260708 20260709 20260710 20260713 20260715 20260721 20260722 20260724
NRF,gaps,20201009,20260731,1303,0,99,False,20251211 20251212 20251215 20251216 20251217 20251218 20251219 20251222 20251223 20251224 20251225 20260304 20260305 20260306 20260309 20260310 20260311 20260312 20260313 20260518 20260519 20260520 20260521 20260522 20260525 20260526 20260527 20260528 20260529 20260602
OGC,gaps,19930819,20260724,6143,7,96,False,20260427 20260428 20260429 20260506 20260507 20260508 20260512 20260514 20260515 20260518 20260521 20260527 20260528 20260608 20260610 20260615 20260616 20260623 20260625 20260629 20260630 20260701 20260703 20260706 20260708 20260713 20260714 20260717 20260720 20260723
SPG,gaps,19980109,20260731,2964,0,93,False,20260127 20260128 20260129 20260130 20260202 20260203 20260204 20260205 20260206 20260209 20260211 20260217 20260310 20260420 20260423 20260424 20260505 20260507 20260518 20260522 20260611 20260615 20260618 20260708 20260713 20260720 20260721 20260724 20260727 20260730
TPCS,gaps,20210506,20260731,884,0,90,False,20260218 20260220 20260227 20260304 20260305 20260306 20260309 20260313 20260317 20260318 20260319 20260320 20260326 20260327 20260403 20260410 20260519 20260520 20260521 20260522 20260526 20260608 20260609 20260611 20260615 20260617 20260709 20260717 20260721 20260722
NOVA,gaps,20210202,20260731,1205,0,87,False,20260317 20260318 20260325 20260401 20260403 20260407 20260421 20260424 20260430 20260507 20260508 20260513 20260519 20260522 20260525 20260526 20260602 20260608 20260610 20260612 20260615 20260619 20260623 20260630 20260702 20260706 20260707 20260716 20260717 20260730
PG,gaps,19900102,20260731,4943,0,83,False,20251222 20251225 20251229 20251230 20260105 20260109 20260112 20260114 20260116 20260119 20260123 20260127 20260129 20260202 20260203 20260204 20260205 20260206 20260209 20260210 20260216 20260219 20260224 20260312 20260318 20260325 20260326 20260402 20260408 20260410
SSPF,gaps,20090810,20260731,3004,0,79,False,20260304 20260306 20260309 20260316 20260320 20260401 20260402 20260408 20260424 20260505 20260506 20260507 20260515 20260520 20260525 20260527 20260528 20260529 20260604 20260608 20260609 20260610 20260611 20260618 20260622 20260630 20260702 20260703 20260706 20260715
UPF,gaps,19900105,20260731,4504,0,79,False,20260223 20260225 20260226 20260311 20260410 20260422 20260424 20260428 20260430 20260507 20260519 20260521 20260609 20260611 20260612 20260615 20260616 20260622 20260625 20260626 20260706 20260707 20260709 20260710 20260715 20260717 20260723 20260724 20260727 20260730
JCT,gaps,19900924,20260731,5113,0,77,False,20260218 20260306 20260311 20260312 20260313 20260317 20260325 20260417 20260420 20260422 20260423 20260429 20260430 20260507 20260511 20260512 20260521 20260522 20260526 20260527 20260604 20260605 20260609 20260612 20260619 20260624 20260630 20260706 20260716 20260722
TPA,gaps,19941228,20260731,5380,0,77,False,20260312 20260320 20260416 20260417 20260420 20260421 20260422 20260423 20260507 20260508 20260521 20260610 20260612 20260617 20260623 20260629 20260630 20260702 20260707 20260708 20260713 20260715 20260716 20260717 20260720 20260721 20260722 20260723 20260727 20260730
NPK,gaps,19900102,20260724,3745,7,75,False,20260424 20260427 20260428 20260429 20260505 20260506 20260507 20260518 20260521 20260522 20260525 20260526 20260529 20260605 20260609 20260611 20260612 20260616 20260617 20260622 20260626 20260629 20260630 20260701 20260702 20260703 20260707 20260708 20260721 20260722
WACOAL,gaps,19900102,20260731,4694,0,71,False,20260127 20260130 20260202 20260203 20260204 20260213 20260216 20260225 20260310 20260312 20260313 20260320 20260324 20260326 20260401 20260408 20260417 20260420 20260421 20260423 20260519 20260526 20260528 20260602 20260701 20260707 20260709 20260710 20260720 20260722
ASIA,gaps,19890929,20260731,6078,0,69,False,20260216 20260217 20260306 20260311 20260312 20260316 20260318 20260323 20260324 20260325 20260326 20260330 20260331 20260401 20260422 20260428 20260512 20260514 20260518 20260520 20260521 20260525 20260528 20260604 20260605 20260610 20260622 20260623 20260624 20260626
TTT,gaps,20190703,20260731,1312,0,63,False,20251120 20251121 20251126 20251201 20251202 20251203 20251211 20251215 20251218 20260114 20260127 20260129 20260130 20260202 20260305 20260401 20260403 20260417 20260420 20260422 20260424 20260428 20260505 20260511 20260512 20260526 20260602 20260609 20260708 20260724
BROCK,gaps,20061128,20260730,4497,1,57,False,20260225 20260302 20260310 20260312 20260313 20260317 20260319 20260320 20260323 20260325 20260403 20260422 20260428 20260429 20260430 20260508 20260514 20260522 20260526 20260528 20260623 20260624 20260706 20260707 20260708 20260710 20260716 20260721 20260722 20260727
INGRS,gaps,20170809,20260731,2121,0,57,False,20260518 20260519 20260520 20260521 20260522 20260525 20260526 20260527 20260528 20260529 20260602 20260604 20260605 20260608 20260609 20260610 20260611 20260612 20260615 20260616 20260617 20260618 20260619 20260622 20260623 20260624 20260625 20260626 20260629 20260630
AIRA,gaps,20140707,20260731,2676,0,56,False,20251119 20251121 20251124 20251127 20251201 20251203 20251204 20251208 20251217 20251218 20251219 20251229 20260109 20260114 20260121 20260122 20260130 20260209 20260306 20260319 20260324 20260326 20260402 20260518 20260522 20260608 20260615 20260720 20260724 20260727
BMSCG,gaps,20180327,20260731,1908,0,56,False,20251202 20251203 20251204 20251208 20251211 20251218 20251219 20251222 20251223 20251224 20251225 20251226 20251229 20251230 20260107 20260108 20260109 20260114 20260129 20260312 20260320 20260325 20260330 20260408 20260420 20260424 20260513 20260612 20260622 20260625
PRIN,gaps,20051213,20260731,4866,0,56,False,20260123 20260127 20260129 20260203 20260205 20260217 20260306 20260310 20260312 20260316 20260317 20260319 20260323 20260326 20260401 20260407 20260408 20260409 20260417 20260421 20260422 20260520 20260526 20260612 20260622 20260629 20260708 20260714 20260727 20260730
BTNC,gaps,19900102,20260730,3673,1,54,False,20251027 20251029 20251117 20251118 20251119 20251124 20251125 20251128 20251202 20251203 20251217 20251223 20251224 20251225 20251229 20251230 20260105 20260106 20260107 20260112 20260113 20260119 20260120 20260521 20260611 20260618 20260625 20260626 20260722 20260723
SUTHA,gaps,20140403,20260731,2842,0,53,False,20251216 20251217 20251219 20251223 20251224 20251229 20260106 20260107 20260108 20260120 20260213 20260223 20260224 20260306 20260313 20260320 20260326 20260330 20260403 20260507 20260512 20260514 20260515 20260518 20260520 20260525 20260612 20260701 20260709 20260727
UBOT,gaps,20220721,20260731,874,0,51,False,20251217 20251219 20251223 20251225 20260112 20260115 20260119 20260121 20260204 20260205 20260212 20260216 20260223 20260306 20260312 20260317 20260320 20260402 20260403 20260407 20260422 20260423 20260506 20260604 20260616 20260619 20260703 20260706 20260710 20260724
CITY,gaps,20060223,20260731,4735,0,49,False,20251027 20251028 20251103 20251110 20251111 20251113 20251203 20251209 20251211 20251216 20251217 20251219 20251222 20260116 20260211 20260213 20260305 20260323 20260325 20260326 20260327 20260330 20260408 20260609 20260611 20260708 20260710 20260713 20260714 20260727
ROCK,gaps,19940726,20260731,3501,0,46,False,20251113 20251114 20251117 20251121 20251124 20251201 20251208 20251215 20251219 20251222 20251223 20251229 20260106 20260107 20260108 20260109 20260127 20260129 20260202 20260203 20260204 20260213 20260217 20260220 20260223 20260226 20260318 20260319 20260320 20260605
MNRF,gaps,20080619,20260731,3319,0,45,False,20251105 20251107 20251112 20251113 20251117 20251118 20251119 20251121 20251126 20251128 20251211 20251215 20251222 20251224 20251230 20260109 20260112 20260113 20260116 20260119 20260128 20260130 20260202 20260203 20260225 20260320 20260324 20260428 20260512 20260724
TRV,gaps,20211202,20260731,1030,0,45,False,20251212 20251215 20251218 20251219 20251224 20260105 20260112 20260114 20260128 20260130 20260206 20260223 20260302 20260326 20260327 20260330 20260417 20260424 20260429 20260506 20260512 20260609 20260611 20260622 20260625 20260626 20260710 20260716 20260717 20260727
TCJ,gaps,19951114,20260731,6440,0,40,False,20251105 20251107 20251110 20251111 20251117 20251203 20251208 20251223 20251224 20251229 20260115 20260126 20260202 20260203 20260206 20260324 20260325 20260330 20260331 20260401 20260403 20260407 20260416 20260420 20260422 20260423 20260505 20260507 20260518 20260629
SPI,gaps,19840104,20260731,7304,0,39,False,20251015 20251024 20251027 20251028 20251029 20251030 20251104 20251105 20251106 20251107 20251110 20251111 20251112 20251113 20251202 20251208 20251209 20251211 20251212 20251215 20260115 20260126 20260129 20260211 20260212 20260311 20260320 20260323 20260615 20260723
TPP,gaps,19901106,20260731,6535,0,37,False,20250828 20250829 20250901 20250902 20250904 20250912 20250915 20250918 20250919 20250922 20250923 20250924 20250929 20250930 20251002 20251003 20251006 20251015 20251103 20251104 20251111 20251119 20251215 20251222 20251224 20251226 20260129 20260511 20260610 20260724
QHOP,gaps,20080403,20260727,3863,4,36,False,20250901 20250917 20251201 20251208 20251215 20260106 20260113 20260121 20260216 20260220 20260417 20260420 20260421 20260423 20260430 20260505 20260521 20260528 20260608 20260609 20260611 20260615 20260623 20260624 20260630 20260708 20260713 20260715 20260723 20260724
TPRIME,gaps,20161031,20260731,2158,0,36,False,20251117 20251127 20251203 20251204 20251216 20251222 20260107 20260121 20260211 20260216 20260312 20260313 20260317 20260324 20260326 20260401 20260403 20260410 20260420 20260423 20260430 20260508 20260514 20260521 20260609 20260610 20260716 20260722 20260724 20260727
TYCN,gaps,20031211,20260731,5016,0,35,False,20251007 20251112 20251117 20251119 20251126 20251203 20251216 20251217 20251226 20251229 20260126 20260128 20260129 20260204 20260311 20260316 20260331 20260416 20260420 20260423 20260424 20260525 20260527 20260702 20260703 20260707 20260713 20260714 20260722 20260724
MATCH,gaps,20030311,20260731,5186,0,34,False,20250902 20250917 20251007 20251009 20251021 20251106 20251107 20251114 20251117 20251118 20251121 20251125 20251202 20251216 20260302 20260306 20260316 20260319 20260330 20260401 20260402 20260403 20260407 20260409 20260417 20260420 20260424 20260427 20260430 20260518
VARO,gaps,19910730,20260731,5438,0,34,False,20250911 20250916 20250918 20251001 20251008 20251009 20251114 20251117 20251121 20251124 20251203 20251219 20251222 20251225 20251230 20260106 20260116 20260119 20260121 20260123 20260203 20260313 20260324 20260325 20260327 20260420 20260520 20260521 20260602 20260625
BCT,gaps,20180806,20260730,1818,1,33,False,20250923 20250924 20251017 20251021 20251128 20251203 20251209 20251218 20251219 20260105 20260113 20260120 20260121 20260123 20260126 20260127 20260128 20260129 20260130 20260202 20260217 20260220 20260226 20260227 20260521 20260522 20260525 20260619 20260710 20260721
FMT,gaps,19970206,20260731,4609,0,33,False,20250918 20251001 20251027 20251104 20251106 20251120 20251121 20251222 20251230 20260122 20260123 20260211 20260422 20260505 20260507 20260513 20260515 20260528 20260608 20260610 20260611 20260612 20260615 20260616 20260618 20260619 20260714 20260715 20260717 20260720
SWC,gaps,20051214,20260731,4162,0,32,False,20250923 20250926 20250929 20251029 20251106 20251110 20251113 20251114 20251118 20251203 20251204 20251208 20251218 20251222 20260121 20260130 20260203 20260210 20260319 20260325 20260401 20260402 20260403 20260407 20260417 20260519 20260605 20260707 20260717 20260720
PMTA,gaps,20150506,20260731,2443,0,31,False,20250807 20250815 20250901 20250904 20250917 20250929 20251006 20251007 20251017 20251030 20251114 20251118 20251126 20251127 20251128 20251201 20251204 20251216 20260108 20260123 20260130 20260213 20260619 20260625 20260626 20260708 20260716 20260721 20260724 20260730
TNH,gaps,20051216,20260731,4896,0,31,False,20250804 20250826 20250827 20250828 20250902 20250903 20250923 20251015 20251105 20251107 20251121 20251202 20251216 20251217 20251218 20251219 20251229 20260203 20260217 20260223 20260227 20260302 20260310 20260312 20260317 20260410 20260420 20260506 20260508 20260724
AFC,gaps,19900102,20260731,6535,0,28,False,20250822 20250828 20250829 20250903 20250912 20250915 20250930 20251010 20251017 20251027 20251121 20251124 20251127 20251201 20251203 20251204 20251209 20251212 20251225 20251230 20260105 20260113 20260122 20260123 20260130 20260304 20260305 20260619
QLT,gaps,20090609,20260731,4088,0,27,False,20250807 20250903 20250929 20250930 20251209 20251212 20260112 20260121 20260206 20260209 20260212 20260216 20260217 20260306 20260309 20260317 20260318 20260403 20260407 20260422 20260424 20260507 20260515 20260520 20260611 20260612 20260619
ZEN,gaps,20190220,20260731,1761,0,27,False,20250826 20251016 20251107 20251120 20251201 20251203 20251208 20251212 20251215 20251216 20251225 20251229 20260119 20260123 20260311 20260319 20260320 20260324 20260407 20260408 20260508 20260511 20260512 20260518 20260609 20260720 20260721
TLHPF,gaps,20151127,20260731,2080,0,26,False,20250828 20250905 20250929 20251008 20251016 20251103 20251111 20251215 20251218 20251219 20251225 20260109 20260122 20260202 20260319 20260326 20260402 20260407 20260423 20260424 20260513 20260519 20260521 20260522 20260602 20260629
GRAND,gaps,20040210,20260731,4890,0,25,False,20260304 20260305 20260306 20260309 20260310 20260311 20260312 20260313 20260316 20260317 20260318 20260319 20260320 20260323 20260324 20260325 20260326 20260327 20260330 20260331 20260401 20260402 20260403 20260407 20260518
PF,gaps,19930601,20260731,7292,0,25,False,20260304 20260305 20260306 20260309 20260310 20260311 20260312 20260313 20260316 20260317 20260318 20260319 20260320 20260323 20260324 20260325 20260326 20260327 20260330 20260331 20260401 20260402 20260403 20260407 20260518
SR,gaps,20151111,20260731,2537,0,25,False,20250731 20250818 20250819 20250903 20250930 20251009 20251020 20251119 20251121 20251124 20251201 20251202 20251203 20251208 20251212 20251229 20251230 20260105 20260109 20260122 20260318 20260327 20260407 20260428 20260522
UP,gaps,19840113,20260731,6701,0,25,False,20250804 20250808 20250818 20250819 20250820 20250822 20250825 20250826 20250903 20250904 20250905 20250908 20250909 20250922 20251021 20251022 20251218 20251230 20260105 20260116 20260312 20260313 20260612 20260714 20260724
ALUCON,gaps,19891110,20260731,4970,0,24,False,20250807 20250909 20250926 20250929 20251001 20251002 20251015 20251016 20251030 20251209 20251211 20251212 20251219 20251224 20251230 20260116 20260123 20260126 20260129 20260210 20260310 20260319 20260323 20260724
MNIT,gaps,20051214,20260731,3645,0,23,False,20250801 20250806 20250819 20250822 20250902 20250912 20250923 20250929 20251001 20251006 20251015 20251021 20251105 20251107 20251110 20251212 20251216 20260121 20260123 20260216 20260223 20260312 20260730
AMARIN,gaps,19920103,20260731,7503,0,22,False,20250819 20250904 20251021 20251028 20251112 20251128 20251201 20251212 20251222 20251223 20260302 20260305 20260309 20260320 20260323 20260326 20260427 20260514 20260519 20260520 20260602 20260619
PRECHA,gaps,19960418,20260731,5644,0,20,False,20250804 20250825 20250916 20250925 20250929 20251020 20251028 20251031 20251104 20251202 20260119 20260216 20260220 20260330 20260407 20260408 20260409 20260410 20260515 20260623
PB,gaps,20021225,20260731,5234,0,17,False,20250916 20251225 20260126 20260309 20260310 20260311 20260318 20260324 20260403 20260407 20260408 20260409 20260421 20260619 20260622 20260623 20260630
MUD,gaps,20210601,20260731,1143,0,16,False,20250819 20250822 20250916 20250925 20251006 20251010 20251105 20251107 20251112 20251119 20251218 20251229 20260325 20260402 20260527 20260706
PRAKIT,gaps,19910730,20260731,5221,0,16,False,20250813 20250814 20250903 20250926 20251001 20251014 20251024 20251118 20251216 20251226 20260112 20260114 20260122 20260514 20260626 20260715
JAK,gaps,20210118,20260731,1295,0,15,False,20251110 20251112 20251113 20251121 20251204 20251224 20251229 20260106 20260108 20260206 20260209 20260213 20260402 20260421 20260505
CEYE,gaps,20220429,20260731,1010,0,13,False,20250902 20251021 20251022 20251027 20251127 20251222 20260210 20260323 20260515 20260522 20260615 20260616 20260703
COLOR,gaps,20110614,20260731,3627,0,13,False,20251010 20251015 20251106 20251112 20251202 20251212 20260113 20260316 20260403 20260407 20260409 20260424 20260430
POLY,gaps,20221116,20260731,876,0,13,False,20250902 20250910 20251030 20251112 20251126 20251127 20251212 20251216 20260109 20260121 20260312 20260616 20260617
PPP,gaps,20130214,20260731,3217,0,13,False,20250807 20250828 20250915 20250929 20251024 20251028 20251110 20251120 20251127 20251203 20251229 20260106 20260116
CSC,gaps,19880120,20260731,8253,0,12,False,20251027 20251104 20251226 20260108 20260130 20260203 20260521 20260610 20260616 20260624 20260629 20260701
AHC,gaps,19920110,20260731,6211,0,11,False,20251016 20251029 20251105 20251110 20251226 20260116 20260126 20260127 20260202 20260311 20260312
APCS,gaps,20110930,20260731,3580,0,11,False,20251211 20251226 20260206 20260320 20260402 20260403 20260417 20260622 20260625 20260707 20260713
KUN,gaps,20191217,20260731,1586,0,11,False,20251110 20251112 20251114 20251120 20251121 20251124 20251204 20251208 20251211 20260112 20260128
PEACE,gaps,20220210,20260731,1058,0,11,False,20251126 20251127 20251128 20260116 20260203 20260313 20260330 20260410 20260427 20260505 20260511
CTW,gaps,19840223,20260731,9172,0,10,False,20250918 20250929 20251002 20251003 20251009 20251010 20251216 20251223 20251226 20260126
SELIC,gaps,20161018,20260731,2365,0,10,False,20250911 20251010 20251128 20260109 20260114 20260309 20260421 20260422 20260513 20260625
TKT,gaps,20051213,20260731,4779,0,10,False,20250926 20251010 20251106 20251111 20251120 20260112 20260325 20260326 20260402 20260630
BEYOND,gaps,20211011,20260731,1154,0,9,False,20250924 20251016 20260416 20260420 20260424 20260609 20260610 20260622 20260713
LUXF,gaps,20080609,20260731,3925,0,9,False,20250808 20250819 20250821 20250923 20251121 20251126 20251204 20260618 20260717
SLP,gaps,20150507,20260731,2720,0,9,False,20250925 20251103 20251104 20251203 20251224 20251225 20251226 20260113 20260730
VRANDA,gaps,20190503,20260731,1745,0,9,False,20250801 20250819 20250930 20251121 20251124 20251127 20251203 20260112 20260128
AMC,gaps,20040813,20260731,5254,0,8,False,20251008 20251029 20251127 20251128 20260423 20260424 20260505 20260521
GRAMMY,gaps,19950217,20260731,7389,0,8,False,20250903 20250922 20251118 20251119 20251124 20251202 20251203 20251219
TMD,gaps,19891110,20260731,7923,0,8,False,20250829 20251015 20251111 20251217 20260205 20260327 20260618 20260730
TSI,gaps,19910301,20260731,4942,0,8,False,20250731 20250901 20251003 20251229 20260113 20260129 20260408 20260619
MODERN,gaps,19920311,20260731,7658,0,7,False,20250822 20250903 20251111 20251113 20251114 20251127 20251218
CPT,gaps,20171220,20260731,2081,0,6,False,20251107 20251121 20251127 20251229 20260216 20260313
CTARAF,gaps,20081013,20260730,4175,1,6,False,20250731 20251104 20260224 20260306 20260430 20260701
MFC,gaps,19910605,20260731,6973,0,6,False,20251017 20251031 20251104 20251124 20251125 20251127
MSC,gaps,19960509,20260731,6285,0,6,False,20251015 20251016 20251118 20251121 20251229 20260129
NVD,gaps,20170509,20260731,2222,0,6,False,20250826 20251022 20251113 20251119 20251121 20260312
PL,gaps,19960815,20260731,7240,0,6,False,20260126 20260205 20260209 20260319 20260327 20260403
SPACK,gaps,20040330,20260731,5307,0,6,False,20250909 20251104 20251105 20251107 20251128 20260129
SST,gaps,19900102,20260731,6999,0,6,False,20250916 20250918 20251128 20260119 20260126 20260724
ABM,gaps,20180227,20260731,2034,0,5,False,20251104 20251126 20251218 20251229 20260114
BSM,gaps,20080214,20260731,4440,0,5,False,20251126 20251230 20260226 20260310 20260518
BTW,gaps,20160711,20260731,2431,0,5,False,20251010 20251107 20260423 20260722 20260730
HPF,gaps,20140123,20260731,2836,0,5,False,20250926 20251009 20251022 20251110 20260626
NC,gaps,19840206,20260731,5897,0,5,False,20251104 20251105 20251124 20251201 20260409
SFT,gaps,20201029,20260731,1358,0,5,False,20250918 20251021 20251031 20251223 20260326
TWP,gaps,19891024,20260731,7749,0,5,False,20250918 20251219 20260108 20260109 20260311
CEN,gaps,19910510,20260731,6870,0,4,False,20250801 20250808 20251112 20251219
FNS,gaps,20020925,20260731,5645,0,4,False,20250910 20251107 20251110 20251219
GROREIT,gaps,20210721,20260731,1183,0,4,False,20250804 20251124 20251208 20251209
SCI,gaps,20151013,20260731,2619,0,4,False,20250926 20251126 20251127 20251209
SKN,gaps,20170926,20260731,2141,0,4,False,20250904 20250905 20251017 20260428
SPC,gaps,19840111,20260731,7381,0,4,False,20250923 20251203 20251226 20260519
SSF,gaps,19890929,20260731,7320,0,4,False,20250822 20250827 20250901 20251119
THANA,gaps,20091215,20260731,3927,0,4,False,20250904 20251104 20251111 20251124
THIP,gaps,19941201,20260731,6080,0,4,False,20250829 20251009 20251105 20251111
CRD,gaps,20171005,20260731,2123,0,3,False,20251105 20251202 20260205
DIMET,gaps,20080121,20260731,4413,0,3,False,20250814 20251114 20260724
RP,gaps,20151112,20260731,2597,0,3,False,20251230 20260306 20260420
TK,gaps,20031002,20260731,5529,0,3,False,20260318 20260327 20260428
TNPC,gaps,19920227,20260731,5925,0,3,False,20251126 20251202 20260311
UPOIC,gaps,19910430,20260731,7907,0,3,False,20250908 20251124 20260528
AF,gaps,20040825,20260731,4056,0,2,False,20251225 20260619
ARROW,gaps,20121225,20260731,3302,0,2,False,20251124 20251202
ASAP,gaps,20170330,20260731,2259,0,2,False,20250818 20251024
BC,gaps,20191114,20260731,1617,0,2,False,20250926 20260424
BJCHI,gaps,20131128,20260731,3075,0,2,False,20260630 20260701
CMO,gaps,20051213,20260731,4948,0,2,False,20250815 20251114
CNT,gaps,19910301,20260731,6794,0,2,False,20251209 20260429
COMAN,gaps,20161111,20260731,2355,0,2,False,20260430 20260623
FANCY,gaps,19940822,20260731,6578,0,2,False,20251126 20260723
GGC,gaps,20170502,20260731,2235,0,2,False,20251121 20260515
ITD,gaps,19940809,20260731,7759,0,2,False,20250815 20251117
KYE,gaps,19940511,20260731,7319,0,2,False,20250918 20260120
LEE,gaps,19900126,20260731,8507,0,2,False,20251021 20251203
ML,gaps,20051213,20260731,4611,0,2,False,20251202 20251230
MTI,gaps,20080624,20260731,4191,0,2,False,20260409 20260624
NDR,gaps,20150115,20260731,2788,0,2,False,20260326 20260519
NTV,gaps,19940816,20260731,6540,0,2,False,20250820 20251215
PDG,gaps,20140729,20260731,2910,0,2,False,20251003 20251218
PDJ,gaps,20180119,20260731,2066,0,2,False,20260611 20260624
PREB,gaps,20051213,20260731,4991,0,2,False,20251008 20251121
SAAM,gaps,20190107,20260731,1831,0,2,False,20250916 20260318
SSTRT,gaps,20171226,20260731,1912,0,2,False,20250905 20251028
TAE,gaps,20140605,20260731,2952,0,2,False,20250929 20251105
TFI,gaps,19891229,20260731,8444,0,2,False,20260507 20260727
THAI,gaps,19920723,20260731,7255,0,2,False,20250731 20250801
TIGER,gaps,20181024,20260731,1864,0,2,False,20251010 20260409
TMC,gaps,20121026,20260731,3333,0,2,False,20260309 20260316
WAVE,gaps,19940705,20260731,7394,0,2,False,20250815 20251117
ACG,gaps,20190627,20260731,1713,0,1,False,20260122
ASIMAR,gaps,19960117,20260731,6894,0,1,False,20251211
ASN,gaps,20160512,20260731,2399,0,1,False,20260403
BLESS,gaps,20220707,20260731,985,0,1,False,20251111
BRRGIF,gaps,20170807,20260731,2170,0,1,False,20251112
BUI,gaps,19881222,20260731,4278,0,1,False,20260514
CHIC,gaps,20220727,20260731,972,0,1,False,20251112
CMC,gaps,20181119,20260731,1863,0,1,False,20251208
DEMCO,gaps,20061214,20260731,4765,0,1,False,20251128
DOD,gaps,20180620,20260731,1965,0,1,False,20260626
EASON,gaps,20051213,20260731,4955,0,1,False,20251212
FN,gaps,20161114,20260731,2353,0,1,False,20260618
FPT,gaps,20190131,20260731,1799,0,1,False,20260318
GAHREIT,gaps,20171103,20260731,1941,0,1,False,20260114
GLORY,gaps,20211025,20260731,1155,0,1,False,20260313
GREEN,gaps,20051213,20260731,4996,0,1,False,20250822
GTB,gaps,20160323,20260731,2511,0,1,False,20251029
IHL,gaps,20051222,20260731,4826,0,1,False,20260109
IRC,gaps,19940825,20260731,7258,0,1,False,20260403
KC,gaps,19941005,20260731,4596,0,1,False,20251125
KTIS,gaps,20140428,20260731,2975,0,1,False,20260512
LST,gaps,19960620,20260731,6810,0,1,False,20250911
MBAX,gaps,20070129,20260731,4616,0,1,False,20251229
METCO,gaps,19920810,20260731,7892,0,1,False,20251022
MIDA,gaps,20030717,20260731,5599,0,1,False,20260105
MK,gaps,19900326,20260731,8767,0,1,False,20260420
MST,gaps,20211203,20260731,1123,0,1,False,20251217
NEP,gaps,19880520,20260731,9096,0,1,False,20260317
NV,gaps,20211224,20260731,1113,0,1,False,20251229
PAF,gaps,19900102,20260731,8358,0,1,False,20251121
PAP,gaps,20051213,20260731,4976,0,1,False,20260630
PRG,gaps,19930916,20260731,4772,0,1,False,20250822
PROUD,gaps,20190516,20260731,1719,0,1,False,20251211
SALEE,gaps,20050428,20260731,5096,0,1,False,20260210
SAMCO,gaps,19930602,20260731,7685,0,1,False,20260330
SAMTEL,gaps,19960726,20260731,7213,0,1,False,20260429
SIAM,gaps,19920327,20260731,7354,0,1,False,20250905
SK,gaps,20201008,20260731,1404,0,1,False,20251219
SQ,gaps,20161026,20260731,2370,0,1,False,20260515
STI,gaps,20181219,20260731,1840,0,1,False,20260409
TFMAMA,gaps,20171018,20260731,2083,0,1,False,20251128
THE,gaps,20070809,20260731,4587,0,1,False,20260309
TMILL,gaps,20121123,20260731,3321,0,1,False,20260424
TPAC,gaps,20051213,20260731,4814,0,1,False,20251104
TPS,gaps,20191115,20260731,1622,0,1,False,20251104
TRU,gaps,19941121,20260731,7431,0,1,False,20251127
TVDH,gaps,20220722,20260731,975,0,1,False,20251216
TVT,gaps,20150508,20260731,2726,0,1,False,20251230
WGE,gaps,20201103,20260731,1383,0,1,False,20251126
AAI,ok,20221101,20260731,910,0,0,False,
AAV,ok,20120531,20260731,3448,0,0,False,
ACC,ok,19930323,20260731,7462,0,0,False,
ACE,ok,20191113,20260731,1625,0,0,False,
ADB,ok,20171109,20260731,2116,0,0,False,
ADD,ok,20210520,20260731,1259,0,0,False,
ADVANC,ok,19911105,20260731,8475,0,0,False,
AEONTS,ok,20011211,20260731,5633,0,0,False,
AGE,ok,20090226,20260731,4238,0,0,False,
AH,ok,20021017,20260731,5794,0,0,False,
AI,ok,20051213,20260731,4003,0,0,False,
AIE,ok,20140106,20260731,2044,0,0,False,
AIMCG,ok,20190712,20260731,1708,0,0,False,
AIMIRT,ok,20180109,20260731,2076,0,0,False,
AIT,ok,20030730,20260731,5607,0,0,False,
AJ,ok,19901207,20260731,8137,0,0,False,
AJA,ok,20170929,20260731,2138,0,0,False,
AKP,ok,20130207,20260731,3276,0,0,False,
AKR,ok,20060807,20260731,4865,0,0,False,
ALLA,ok,20161108,20260731,2362,0,0,False,
ALLY,ok,20210209,20260731,1324,0,0,False,
ALPHAX,ok,20220111,20260731,1104,0,0,False,
ALT,ok,20160704,20260731,2449,0,0,False,
AMA,ok,20161222,20260731,2332,0,0,False,
AMANAH,ok,20011225,20260731,5990,0,0,False,
AMARC,ok,20221019,20260731,918,0,0,False,
AMATA,ok,20000622,20260731,6200,0,0,False,
AMATAR,ok,20150630,20260731,2632,0,0,False,
AMATAV,ok,20151216,20260731,2580,0,0,False,
AMR,ok,20210802,20260731,1212,0,0,False,
ANAN,ok,20121207,20260731,3317,0,0,False,
AOT,ok,20040311,20260731,5451,0,0,False,
AP,ok,19920930,20260731,7189,0,0,False,
APCO,ok,20111104,20260731,3586,0,0,False,
APP,ok,20191122,20260731,1618,0,0,False,
APURE,ok,19930331,20260731,7674,0,0,False,
AQUA,ok,20100902,20260731,3868,0,0,False,
ARIN,ok,20190710,20260731,1707,0,0,False,
ARIP,ok,20101202,20260731,3809,0,0,False,
AS,ok,20080529,20260731,4402,0,0,False,
ASEFA,ok,20150805,20260731,2671,0,0,False,
ASIAN,ok,19940705,20260731,7031,0,0,False,
ASK,ok,20051213,20260731,4863,0,0,False,
ASP,ok,19900115,20260731,8923,0,0,False,
ASW,ok,20210428,20260731,1274,0,0,False,
AU,ok,20161223,20260731,2331,0,0,False,
AUCT,ok,20130809,20260731,3154,0,0,False,
AURA,ok,20221129,20260731,890,0,0,False,
AWC,ok,20191010,20260731,1647,0,0,False,
AYUD,ok,19880106,20260731,8531,0,0,False,
BA,ok,20141103,20260731,2852,0,0,False,
BAFS,ok,20020404,20260731,5923,0,0,False,
BAM,ok,20191216,20260731,1604,0,0,False,
BAREIT,ok,20220914,20260731,941,0,0,False,
BAY,ok,19840103,20260731,10362,0,0,False,
BBGI,ok,20220317,20260731,1058,0,0,False,
BBIK,ok,20210916,20260731,1180,0,0,False,
BBL,ok,19840103,20260731,10404,0,0,False,
BCH,ok,20041110,20260731,5289,0,0,False,
BCP,ok,19940802,20260731,7813,0,0,False,
BCPG,ok,20160928,20260731,2390,0,0,False,
BDMS,ok,19911002,20260731,7752,0,0,False,
BEAUTY,ok,20121212,20260731,3315,0,0,False,
BEC,ok,19960718,20260731,7331,0,0,False,
BEM,ok,20160105,20260731,2568,0,0,False,
BGC,ok,20181018,20260731,1886,0,0,False,
BGRIM,ok,20170719,20260731,2192,0,0,False,
BGT,ok,20071211,20260731,4458,0,0,False,
BH,ok,19891215,20260731,7615,0,0,False,
BIG,ok,19910515,20260731,5637,0,0,False,
BIOTEC,ok,20220518,20260731,1021,0,0,False,
BIS,ok,20220505,20260731,1029,0,0,False,
BIZ,ok,20160728,20260731,2433,0,0,False,
BJC,ok,19840106,20260731,8484,0,0,False,
BKD,ok,20130925,20260731,3109,0,0,False,
BLA,ok,20090925,20260731,4097,0,0,False,
BLAND,ok,19920205,20260731,8415,0,0,False,
BM,ok,20160517,20260731,2479,0,0,False,
BMSCITH,ok,20160607,20260731,2462,0,0,False,
BOFFICE,ok,20180123,20260731,2040,0,0,False,
BOL,ok,20051213,20260731,4985,0,0,False,
BR,ok,20150715,20260731,2685,0,0,False,
BRI,ok,20211221,20260731,1117,0,0,False,
BRR,ok,20141106,20260731,2848,0,0,False,
BSBM,ok,20051213,20260731,5024,0,0,False,
BTC,ok,20030710,20260731,4107,0,0,False,
BTG,ok,20221102,20260731,909,0,0,False,
BTS,ok,19910301,20260731,7317,0,0,False,
BTSGIF,ok,20130419,20260731,3229,0,0,False,
BWG,ok,20071114,20260731,4552,0,0,False,
BYD,ok,20210809,20260731,1206,0,0,False,
CAZ,ok,20190122,20260731,1823,0,0,False,
CBG,ok,20141121,20260731,2838,0,0,False,
CCET,ok,20010103,20260731,6209,0,0,False,
CCP,ok,20031216,20260731,5465,0,0,False,
CENTEL,ok,19900110,20260731,8491,0,0,False,
CFRESH,ok,19930802,20260731,7110,0,0,False,
CGD,ok,19970507,20260731,5002,0,0,False,
CGH,ok,20150108,20260731,2809,0,0,False,
CH,ok,20220912,20260731,943,0,0,False,
CHAYO,ok,20180322,20260731,2026,0,0,False,
CHEWA,ok,20160405,20260731,2504,0,0,False,
CHG,ok,20130516,20260731,3212,0,0,False,
CHINA,ok,20101122,20260731,3793,0,0,False,
CHOW,ok,20111221,20260731,3549,0,0,False,
CI,ok,20021216,20260731,5616,0,0,False,
CIG,ok,20051213,20260731,4924,0,0,False,
CIVIL,ok,20220127,20260731,1092,0,0,False,
CK,ok,19950803,20260731,7566,0,0,False,
CKP,ok,20130718,20260731,3169,0,0,False,
CM,ok,19930125,20260731,7273,0,0,False,
CMAN,ok,20180321,20260731,2027,0,0,False,
CMR,ok,19941017,20260731,4828,0,0,False,
CPALL,ok,20031014,20260731,5553,0,0,False,
CPANEL,ok,20210930,20260731,1170,0,0,False,
CPF,ok,19871221,20260731,9432,0,0,False,
CPH,ok,19920311,20260731,7123,0,0,False,
CPI,ok,19940516,20260731,6683,0,0,False,
CPL,ok,19941219,20260731,6206,0,0,False,
CPN,ok,19950301,20260731,7020,0,0,False,
CPNCG,ok,20120921,20260731,3370,0,0,False,
CPNREIT,ok,20171214,20260731,2093,0,0,False,
CPR,ok,20051213,20260731,4496,0,0,False,
CPW,ok,20191024,20260731,1639,0,0,False,
CRANE,ok,20080213,20260731,4477,0,0,False,
CRC,ok,20200220,20260731,1559,0,0,False,
CSP,ok,20051222,20260731,4865,0,0,False,
CSS,ok,20130903,20260731,3138,0,0,False,
CWT,ok,19910429,20260731,7837,0,0,False,
DCC,ok,19920103,20260731,7976,0,0,False,
DCON,ok,20051213,20260731,4728,0,0,False,
DDD,ok,20171226,20260731,2085,0,0,False,
DELTA,ok,19950724,20260731,7562,0,0,False,
DHOUSE,ok,20201026,20260731,1395,0,0,False,
DIF,ok,20131227,20260731,3058,0,0,False,
DITTO,ok,20210506,20260731,1270,0,0,False,
DMT,ok,20210507,20260731,1269,0,0,False,
DOHOME,ok,20190806,20260731,1693,0,0,False,
DPAINT,ok,20211028,20260731,1153,0,0,False,
DREIT,ok,20171215,20260731,2077,0,0,False,
DRT,ok,20051213,20260731,5023,0,0,False,
DTCENT,ok,20221215,20260731,880,0,0,False,
DUSIT,ok,20210624,20260731,1237,0,0,False,
EA,ok,20130130,20260731,3281,0,0,False,
EASTW,ok,19970728,20260731,6965,0,0,False,
EFORL,ok,20090219,20260731,4183,0,0,False,
EGATIF,ok,20150713,20260731,2687,0,0,False,
EGCO,ok,19950116,20260731,7694,0,0,False,
EKH,ok,20160727,20260731,2434,0,0,False,
EMC,ok,19960515,20260731,5979,0,0,False,
EP,ok,20200428,20260731,1511,0,0,False,
EPG,ok,20141224,20260731,2817,0,0,False,
ERW,ok,19880826,20260731,9111,0,0,False,
ESTAR,ok,19940215,20260731,7844,0,0,False,
ETC,ok,20200818,20260731,1440,0,0,False,
ETE,ok,20170215,20260731,2296,0,0,False,
EVER,ok,19940223,20260731,5910,0,0,False,
FLOYD,ok,20171101,20260731,2122,0,0,False,
FORTH,ok,20060908,20260731,4805,0,0,False,
FPI,ok,20120920,20260731,3366,0,0,False,
FSMART,ok,20141014,20260731,2865,0,0,False,
FTE,ok,20170727,20260731,2186,0,0,False,
FTI,ok,20220519,20260731,1020,0,0,False,
FTREIT,ok,20190131,20260731,1816,0,0,False,
FVC,ok,20131029,20260731,3099,0,0,False,
GBX,ok,20051213,20260731,5017,0,0,False,
GC,ok,20051213,20260731,4854,0,0,False,
GCAP,ok,20131217,20260731,3066,0,0,False,
GEL,ok,19910329,20260731,7662,0,0,False,
GENCO,ok,20000928,20260731,6267,0,0,False,
GFPT,ok,19920327,20260731,8309,0,0,False,
GJS,ok,19960702,20260731,6295,0,0,False,
GLD,ok,20110808,20260731,3638,0,0,False,
GLOBAL,ok,20090819,20260731,4125,0,0,False,
GPI,ok,20171201,20260731,2099,0,0,False,
GPSC,ok,20150518,20260731,2725,0,0,False,
GULF,ok,20171206,20260731,2089,0,0,False,
GUNKUL,ok,20101019,20260731,3840,0,0,False,
GVREIT,ok,20160404,20260731,2483,0,0,False,
HANA,ok,19930201,20260731,8161,0,0,False,
HARN,ok,20141113,20260731,2843,0,0,False,
HENG,ok,20211019,20260731,1159,0,0,False,
HFT,ok,20031215,20260731,5325,0,0,False,
HL,ok,20211203,20260731,1127,0,0,False,
HMPRO,ok,20011030,20260731,6034,0,0,False,
HTC,ok,19881222,20260731,7271,0,0,False,
HTECH,ok,20090327,20260731,4217,0,0,False,
HUMAN,ok,20171208,20260731,2096,0,0,False,
HYDRO,ok,20111215,20260731,3473,0,0,False,
ICHI,ok,20140422,20260731,2983,0,0,False,
ICN,ok,20170915,20260731,2152,0,0,False,
IFS,ok,20100810,20260731,3882,0,0,False,
IIG,ok,20200806,20260731,1447,0,0,False,
III,ok,20170901,20260731,2162,0,0,False,
ILINK,ok,20040820,20260731,5303,0,0,False,
ILM,ok,20190726,20260731,1699,0,0,False,
IMH,ok,20191226,20260731,1596,0,0,False,
IMPACT,ok,20141001,20260731,2874,0,0,False,
IND,ok,20201222,20260731,1357,0,0,False,
INET,ok,20011114,20260731,6007,0,0,False,
INOX,ok,20041214,20260731,5160,0,0,False,
INSET,ok,20191008,20260731,1649,0,0,False,
IP,ok,20191105,20260731,1631,0,0,False,
IRCP,ok,20030731,20260731,5292,0,0,False,
IRPC,ok,19950317,20260731,7604,0,0,False,
IT,ok,20030602,20260731,5630,0,0,False,
ITC,ok,20221209,20260731,883,0,0,False,
ITEL,ok,20160914,20260731,2400,0,0,False,
ITNS,ok,20221025,20260731,915,0,0,False,
IVL,ok,20100205,20260731,4008,0,0,False,
JAS,ok,19940707,20260731,7824,0,0,False,
JCK,ok,20180507,20260731,1998,0,0,False,
JDF,ok,20220407,20260731,1044,0,0,False,
JMART,ok,20090625,20260731,4160,0,0,False,
JMT,ok,20121127,20260731,3324,0,0,False,
JR,ok,20201130,20260731,1370,0,0,False,
JSP,ok,20141119,20260731,2749,0,0,False,
JTS,ok,20060918,20260731,4822,0,0,False,
JUBILE,ok,20091109,20260731,4068,0,0,False,
KAMART,ok,19950117,20260731,6496,0,0,False,
KASET,ok,20051213,20260731,4967,0,0,False,
KBANK,ok,19840103,20260731,10406,0,0,False,
KBS,ok,20110527,20260731,3696,0,0,False,
KBSPIF,ok,20200824,20260731,1436,0,0,False,
KCAR,ok,20051213,20260731,4998,0,0,False,
KCC,ok,20220505,20260731,979,0,0,False,
KCE,ok,19880830,20260731,9207,0,0,False,
KCM,ok,20141223,20260731,2818,0,0,False,
KGEN,ok,20221226,20260731,873,0,0,False,
KGI,ok,19891215,20260731,8898,0,0,False,
KIAT,ok,20091021,20260731,4078,0,0,False,
KISS,ok,20210219,20260731,1317,0,0,False,
KJL,ok,20221122,20260731,895,0,0,False,
KK,ok,20201007,20260731,1395,0,0,False,
KKP,ok,19880826,20260731,9031,0,0,False,
KLINIQ,ok,20221107,20260731,906,0,0,False,
KOOL,ok,20150923,20260731,2637,0,0,False,
KSL,ok,20050307,20260731,5212,0,0,False,
KTB,ok,19890802,20260731,9041,0,0,False,
KTBSTMR,ok,20211115,20260731,1140,0,0,False,
KTC,ok,20021028,20260731,5774,0,0,False,
KTMS,ok,20221223,20260731,874,0,0,False,
KUMWEL,ok,20190801,20260731,1696,0,0,False,
KWM,ok,20181001,20260731,1898,0,0,False,
LALIN,ok,20021128,20260731,5753,0,0,False,
LANNA,ok,19940712,20260731,7715,0,0,False,
LDC,ok,20140902,20260731,2894,0,0,False,
LEO,ok,20201105,20260731,1387,0,0,False,
LH,ok,19890217,20260731,9145,0,0,False,
LHFG,ok,20180424,20260731,2006,0,0,False,
LHHOTEL,ok,20151222,20260731,2555,0,0,False,
LHK,ok,20080124,20260731,4499,0,0,False,
LHSC,ok,20141226,20260731,2808,0,0,False,
LIT,ok,20140325,20260731,3000,0,0,False,
LOXLEY,ok,19940125,20260731,7893,0,0,False,
LPH,ok,20151028,20260731,2613,0,0,False,
LPN,ok,19941223,20260731,7271,0,0,False,
MAI,ok,20020903,20260731,5821,0,0,False,
MAJOR,ok,20020523,20260731,5897,0,0,False,
MALEE,ok,19920313,20260731,7441,0,0,False,
MBK,ok,19960424,20260731,7263,0,0,False,
MC,ok,20130704,20260731,3179,0,0,False,
MCOT,ok,20041117,20260731,5276,0,0,False,
MCS,ok,20050715,20260731,5106,0,0,False,
MDX,ok,19920313,20260731,6154,0,0,False,
MEGA,ok,20131119,20260731,3084,0,0,False,
MENA,ok,20210707,20260731,1228,0,0,False,
MFEC,ok,20031008,20260731,5538,0,0,False,
MGT,ok,20170223,20260731,2290,0,0,False,
MICRO,ok,20201001,20260731,1410,0,0,False,
MINT,ok,19900115,20260731,8492,0,0,False,
MITSIB,ok,20190611,20260731,1731,0,0,False,
MJD,ok,20071127,20260731,4532,0,0,False,
MJLF,ok,20070718,20260731,4387,0,0,False,
MONO,ok,20130606,20260731,3198,0,0,False,
MOONG,ok,20091001,20260731,4053,0,0,False,
MORE,ok,20190215,20260731,1800,0,0,False,
MOSHI,ok,20221222,20260731,875,0,0,False,
MTC,ok,20180502,20260731,2001,0,0,False,
MTW,ok,20221206,20260731,886,0,0,False,
NATION,ok,20220519,20260731,1020,0,0,False,
NCAP,ok,20201109,20260731,1385,0,0,False,
NCH,ok,20040329,20260731,5366,0,0,False,
NCL,ok,20141111,20260731,2845,0,0,False,
NER,ok,20181107,20260731,1873,0,0,False,
NETBAY,ok,20160616,20260731,2460,0,0,False,
NEX,ok,20190517,20260731,1746,0,0,False,
NNCL,ok,20051213,20260731,5020,0,0,False,
NOBLE,ok,19970612,20260731,7019,0,0,False,
NSL,ok,20210519,20260731,1261,0,0,False,
NYT,ok,20131125,20260731,3080,0,0,False,
ONEE,ok,20211105,20260731,1147,0,0,False,
OR,ok,20210211,20260731,1322,0,0,False,
ORI,ok,20151007,20260731,2627,0,0,False,
OSP,ok,20181017,20260731,1887,0,0,False,
PACO,ok,20210322,20260731,1297,0,0,False,
PATO,ok,19950919,20260731,5542,0,0,False,
PCC,ok,20221021,20260731,916,0,0,False,
PCSGH,ok,20140314,20260731,2985,0,0,False,
PERM,ok,20051213,20260731,5023,0,0,False,
PHOL,ok,20101209,20260731,3798,0,0,False,
PIMO,ok,20150813,20260731,2665,0,0,False,
PIN,ok,20211109,20260731,1144,0,0,False,
PJW,ok,20120228,20260731,3506,0,0,False,
PK,ok,19920331,20260731,6136,0,0,False,
PLANB,ok,20150217,20260731,2780,0,0,False,
PLANET,ok,20170913,20260731,2121,0,0,False,
PLAT,ok,20150324,20260731,2756,0,0,False,
PLE,ok,20021212,20260731,5697,0,0,False,
PLUS,ok,20220520,20260731,1019,0,0,False,
PM,ok,20080527,20260731,4423,0,0,False,
POPF,ok,20110412,20260731,3691,0,0,False,
PORT,ok,20171123,20260731,2104,0,0,False,
PPM,ok,20051214,20260731,4754,0,0,False,
PPPM,ok,20180927,20260731,1874,0,0,False,
PPS,ok,20120926,20260731,3367,0,0,False,
PRAPAT,ok,20201020,20260731,1398,0,0,False,
PRI,ok,20221130,20260731,889,0,0,False,
PRIME,ok,20190807,20260731,1691,0,0,False,
PRINC,ok,20051026,20260731,5042,0,0,False,
PRM,ok,20170914,20260731,2153,0,0,False,
PROEN,ok,20210429,20260731,1273,0,0,False,
PROS,ok,20210427,20260731,1275,0,0,False,
PSH,ok,20161201,20260731,2345,0,0,False,
PSL,ok,19930916,20260731,7561,0,0,False,
PT,ok,20060712,20260731,4850,0,0,False,
PTC,ok,20220215,20260731,1078,0,0,False,
PTG,ok,20130530,20260731,3203,0,0,False,
PTL,ok,20041215,20260731,5267,0,0,False,
PTT,ok,20011206,20260731,6006,0,0,False,
PTTEP,ok,19930610,20260731,8091,0,0,False,
PTTGC,ok,20111028,20260731,3591,0,0,False,
PYLON,ok,20051223,20260731,4898,0,0,False,
QH,ok,19910911,20260731,8503,0,0,False,
QTC,ok,20110728,20260731,3648,0,0,False,
RABBIT,ok,20221207,20260731,885,0,0,False,
RAM,ok,19910913,20260731,5295,0,0,False,
RATCH,ok,20001102,20260731,6248,0,0,False,
RBF,ok,20191025,20260731,1638,0,0,False,
RCL,ok,19900102,20260731,8594,0,0,False,
RICHY,ok,20140807,20260731,2910,0,0,False,
RJH,ok,20160901,20260731,2409,0,0,False,
RML,ok,19930910,20260731,7201,0,0,False,
ROJNA,ok,19951213,20260731,6864,0,0,False,
RPC,ok,20031124,20260731,5511,0,0,False,
RPH,ok,20170227,20260731,2288,0,0,False,
RS,ok,20030522,20260731,5634,0,0,False,
RSP,ok,20171110,20260731,2114,0,0,False,
RT,ok,20201112,20260731,1382,0,0,False,
RWI,ok,20140918,20260731,2873,0,0,False,
SA,ok,20201225,20260731,1353,0,0,False,
SABINA,ok,20080515,20260731,4431,0,0,False,
SAK,ok,20201208,20260731,1365,0,0,False,
SAMART,ok,19931223,20260731,7928,0,0,False,
SANKO,ok,20130509,20260731,3217,0,0,False,
SAPPE,ok,20140625,20260731,2940,0,0,False,
SAT,ok,20050131,20260731,5218,0,0,False,
SAUCE,ok,19950120,20260731,5896,0,0,False,
SAWAD,ok,20140508,20260731,2973,0,0,False,
SC,ok,20031113,20260731,5531,0,0,False,
SCAP,ok,20220915,20260731,940,0,0,False,
SCB,ok,19840104,20260731,10335,0,0,False,
SCC,ok,19840104,20260731,10377,0,0,False,
SCCC,ok,19840103,20260731,10362,0,0,False,
SCG,ok,20040107,20260731,5154,0,0,False,
SCGP,ok,20201022,20260731,1396,0,0,False,
SCM,ok,20200908,20260731,1427,0,0,False,
SCN,ok,20150223,20260731,2777,0,0,False,
SCP,ok,19910620,20260731,8382,0,0,False,
SDC,ok,20171012,20260731,2133,0,0,False,
SE,ok,20170214,20260731,2286,0,0,False,
SEAFCO,ok,20051213,20260731,5024,0,0,False,
SEAOIL,ok,20130905,20260731,3136,0,0,False,
SECURE,ok,20210701,20260731,1232,0,0,False,
SENA,ok,20090729,20260731,4139,0,0,False,
SET,ok,19750430,20260731,12560,0,0,False,
SETHD,ok,20110822,20260731,3641,0,0,False,
SFLEX,ok,20191219,20260731,1601,0,0,False,
SGC,ok,20221213,20260731,882,0,0,False,
SGF,ok,19880210,20260731,6957,0,0,False,
SGP,ok,20080603,20260731,4419,0,0,False,
SHR,ok,20191112,20260731,1626,0,0,False,
SICT,ok,20200730,20260731,1452,0,0,False,
SIMAT,ok,20071212,20260731,4490,0,0,False,
SINGER,ok,19840628,20260731,9606,0,0,False,
SIRI,ok,19960719,20260731,7198,0,0,False,
SIS,ok,20051213,20260731,4931,0,0,False,
SISB,ok,20181129,20260731,1857,0,0,False,
SITHAI,ok,19911002,20260731,8083,0,0,False,
SKE,ok,20171122,20260731,2107,0,0,False,
SKR,ok,19880108,20260731,8501,0,0,False,
SKY,ok,20170725,20260731,2188,0,0,False,
SMART,ok,20141002,20260731,2870,0,0,False,
SMIT,ok,20051213,20260731,4975,0,0,False,
SMPC,ok,19911203,20260731,5374,0,0,False,
SMT,ok,20090924,20260731,4099,0,0,False,
SNC,ok,20041021,20260731,5300,0,0,False,
SNNP,ok,20210720,20260731,1219,0,0,False,
SNP,ok,19890508,20260731,8287,0,0,False,
SO,ok,20201014,20260731,1402,0,0,False,
SOLAR,ok,20050330,20260731,5195,0,0,False,
SONIC,ok,20181019,20260731,1885,0,0,False,
SORKON,ok,19930427,20260731,4860,0,0,False,
SPA,ok,20141031,20260731,2853,0,0,False,
SPALI,ok,19931117,20260731,7959,0,0,False,
SPCG,ok,20051220,20260731,4815,0,0,False,
SPRC,ok,20151208,20260731,2585,0,0,False,
SPRIME,ok,20190123,20260731,1805,0,0,False,
SPVI,ok,20131219,20260731,3064,0,0,False,
SRICHA,ok,20120702,20260731,3425,0,0,False,
SSP,ok,20170927,20260731,2144,0,0,False,
SSSC,ok,19960115,20260731,7023,0,0,False,
STA,ok,19910822,20260731,8298,0,0,False,
STANLY,ok,19910510,20260731,8047,0,0,False,
STC,ok,20191129,20260731,1613,0,0,False,
STECH,ok,20210723,20260731,1216,0,0,False,
STGT,ok,20200702,20260731,1469,0,0,False,
STOWER,ok,20210709,20260731,1226,0,0,False,
STP,ok,20220614,20260731,1003,0,0,False,
STPI,ok,19960514,20260731,6982,0,0,False,
SUC,ok,19900102,20260731,8897,0,0,False,
SUN,ok,20171228,20260731,2083,0,0,False,
SUPER,ok,20051213,20260731,5009,0,0,False,
SUSCO,ok,19900831,20260731,8761,0,0,False,
SVOA,ok,19930916,20260731,7366,0,0,False,
SVT,ok,20211005,20260731,1168,0,0,False,
SYMC,ok,20101126,20260731,3802,0,0,False,
SYNEX,ok,20080616,20260731,4406,0,0,False,
SYNTEC,ok,19930708,20260731,6755,0,0,False,
TACC,ok,20151202,20260731,2588,0,0,False,
TAKUNI,ok,20140819,20260731,2905,0,0,False,
TASCO,ok,19910301,20260731,8631,0,0,False,
TC,ok,19900112,20260731,8357,0,0,False,
TCAP,ok,19840106,20260731,10119,0,0,False,
TCC,ok,19910429,20260731,8025,0,0,False,
TCMC,ok,19840315,20260731,8174,0,0,False,
TDEX,ok,20070906,20260731,4594,0,0,False,
TEAM,ok,20011108,20260731,5886,0,0,False,
TEAMG,ok,20180712,20260731,1950,0,0,False,
TEGH,ok,20220930,20260731,929,0,0,False,
TEKA,ok,20220615,20260731,1000,0,0,False,
TFFIF,ok,20181031,20260731,1878,0,0,False,
TFG,ok,20151008,20260731,2626,0,0,False,
TFM,ok,20211029,20260731,1150,0,0,False,
TGE,ok,20220819,20260731,959,0,0,False,
TGPRO,ok,19950119,20260731,5301,0,0,False,
TH,ok,19910529,20260731,6199,0,0,False,
THANI,ok,20021219,20260731,5702,0,0,False,
THCOM,ok,19940118,20260731,7942,0,0,False,
THG,ok,20171207,20260731,2097,0,0,False,
THMUI,ok,20171123,20260731,2100,0,0,False,
THRE,ok,19930226,20260731,7290,0,0,False,
THREL,ok,20131009,20260731,3112,0,0,False,
TIDLOR,ok,20210510,20260731,1261,0,0,False,
TIPCO,ok,19890925,20260731,8186,0,0,False,
TIPH,ok,20210907,20260731,1187,0,0,False,
TISCO,ok,19840111,20260731,9922,0,0,False,
TITLE,ok,20171102,20260731,2120,0,0,False,
TKC,ok,20220117,20260731,1100,0,0,False,
TKN,ok,20151203,20260731,2587,0,0,False,
TKS,ok,20031118,20260731,5526,0,0,False,
TLI,ok,20220725,20260731,975,0,0,False,
TM,ok,20160831,20260731,2410,0,0,False,
TMI,ok,20100514,20260731,3940,0,0,False,
TMT,ok,20051213,20260731,5024,0,0,False,
TMW,ok,20031009,20260731,5131,0,0,False,
TNDT,ok,20070928,20260731,4564,0,0,False,
TNITY,ok,20021218,20260731,5603,0,0,False,
TNP,ok,20151118,20260731,2598,0,0,False,
TNR,ok,20161129,20260731,2339,0,0,False,
TOA,ok,20171010,20260731,2135,0,0,False,
TOG,ok,20060516,20260731,4868,0,0,False,
TOP,ok,20041026,20260731,5301,0,0,False,
TPBI,ok,20160324,20260731,2505,0,0,False,
TPCH,ok,20150108,20260731,2809,0,0,False,
TPIPL,ok,19901120,20260731,8669,0,0,False,
TPIPP,ok,20170405,20260731,2261,0,0,False,
TPLAS,ok,20180905,20260731,1912,0,0,False,
TPOLY,ok,20090304,20260731,4215,0,0,False,
TQM,ok,20181220,20260731,1844,0,0,False,
TQR,ok,20210217,20260731,1319,0,0,False,
TRC,ok,20051222,20260731,4983,0,0,False,
TRITN,ok,19950223,20260731,7632,0,0,False,
TRT,ok,20060510,20260731,4870,0,0,False,
TRUBB,ok,19910730,20260731,7295,0,0,False,
TRUE,ok,19931222,20260731,7951,0,0,False,
TSC,ok,20051213,20260731,4426,0,0,False,
TSE,ok,20141030,20260731,2854,0,0,False,
TSTH,ok,20021218,20260731,5754,0,0,False,
TTA,ok,19950925,20260731,7359,0,0,False,
TTB,ok,20210512,20260731,1266,0,0,False,
TTLPF,ok,20101119,20260731,2985,0,0,False,
TTW,ok,20080522,20260731,4428,0,0,False,
TU,ok,19941122,20260731,7710,0,0,False,
TVO,ok,19901114,20260731,8016,0,0,False,
TWPC,ok,20151005,20260731,2629,0,0,False,
TWZ,ok,20051118,20260731,5037,0,0,False,
UAC,ok,20101011,20260731,3846,0,0,False,
UBA,ok,20221207,20260731,885,0,0,False,
UBE,ok,20210930,20260731,1171,0,0,False,
UBIS,ok,20070509,20260731,4220,0,0,False,
UEC,ok,20051213,20260731,5019,0,0,False,
UKEM,ok,20061127,20260731,4782,0,0,False,
UMI,ok,19891006,20260731,8340,0,0,False,
UNIQ,ok,20070330,20260731,4706,0,0,False,
UREKA,ok,20130301,20260731,3261,0,0,False,
UTP,ok,20051213,20260731,4861,0,0,False,
UV,ok,19881209,20260731,7281,0,0,False,
UVAN,ok,20031125,20260731,5366,0,0,False,
VCOM,ok,20171221,20260731,2087,0,0,False,
VGI,ok,20121011,20260731,3355,0,0,False,
VIBHA,ok,19920326,20260731,8014,0,0,False,
VIH,ok,20120509,20260731,3464,0,0,False,
VL,ok,20190521,20260731,1744,0,0,False,
VNG,ok,19950914,20260731,6954,0,0,False,
VPO,ok,20141124,20260731,2835,0,0,False,
WARRIX,ok,20221221,20260731,876,0,0,False,
WFX,ok,20211223,20260731,1115,0,0,False,
WHA,ok,20121108,20260731,3336,0,0,False,
WHABT,ok,20151116,20260731,2333,0,0,False,
WHAIR,ok,20220608,20260731,1007,0,0,False,
WHART,ok,20141218,20260731,2805,0,0,False,
WHAUP,ok,20170410,20260731,2259,0,0,False,
WICE,ok,20150728,20260731,2676,0,0,False,
WIIK,ok,19960208,20260731,6934,0,0,False,
WIN,ok,20051216,20260731,5017,0,0,False,
WINMED,ok,20210511,20260731,1267,0,0,False,
WINNER,ok,20131003,20260731,3116,0,0,False,
WORK,ok,20051213,20260731,5018,0,0,False,
WP,ok,20180201,20260731,2059,0,0,False,
WPH,ok,20171003,20260731,2140,0,0,False,
XO,ok,20140825,20260731,2901,0,0,False,
XPG,ok,20210507,20260731,1269,0,0,False,
YGG,ok,20200107,20260731,1590,0,0,False,
YONG,ok,20220802,20260731,971,0,0,False,
YUASA,ok,20020809,20260731,5247,0,0,False,
ZIGA,ok,20170817,20260731,2173,0,0,False,
